window_index,target_node,completeness_gap,upstream_share_dir,upstream_share_sym,deletion_drop_top,deletion_drop_rand,deletion_drop_mean_other,deletion_test_passed,stability_l2,narrative
557,3,-0.00026810169219970703,0.165701390709728,0.07457964308559895,0.3675196170806885,0.0,0.09535179287195206,True,0.032531645,"Forecast Retailer risk = 0.37 (window-average baseline 0.00). Most influential input: Retailer RI (56% of attribution), which raises the forecast. Most influential time step: the most recent step (t) (36%). Upstream echelons contribute 17%."
558,3,-0.0006718039512634277,0.1639039060100913,0.09162938594818115,0.3639288395643234,0.0,0.09802408516407013,True,0.024719408,"Forecast Retailer risk = 0.37 (window-average baseline 0.00). Most influential input: Retailer RI (56% of attribution), which raises the forecast. Most influential time step: the most recent step (t) (37%). Upstream echelons contribute 16%."
559,3,-0.0027801692485809326,0.1655429732054472,0.08803790435194969,0.3516417145729065,0.0017108917236328125,0.09991440176963806,True,0.16194609,"Forecast Retailer risk = 0.35 (window-average baseline 0.00). Most influential input: Retailer RI (55% of attribution), which raises the forecast. Most influential time step: the most recent step (t) (34%). Upstream echelons contribute 17%."
556,3,0.0023224949836730957,0.17310315184295177,0.07979557476937771,0.31621411442756653,0.16250690817832947,0.09004907310009003,True,0.032598406,"Forecast Retailer risk = 0.32 (window-average baseline 0.00). Most influential input: Retailer RI (52% of attribution), which raises the forecast. Most influential time step: the most recent step (t) (40%). Upstream echelons contribute 17%."
510,3,-0.009403705596923828,0.18912171199917793,0.12387494370341301,0.3150114119052887,0.2078877091407776,0.10091792792081833,True,0.13909234,"Forecast Retailer risk = 0.32 (window-average baseline 0.00). Most influential input: Retailer RI (51% of attribution), which raises the forecast. Most influential time step: the most recent step (t) (33%). Upstream echelons contribute 19%."
509,3,-0.008752286434173584,0.18900086544454098,0.12594988197088242,0.31286993622779846,0.20766973495483398,0.1006576269865036,True,0.001056195,"Forecast Retailer risk = 0.31 (window-average baseline 0.00). Most influential input: Retailer RI (51% of attribution), which raises the forecast. Most influential time step: the most recent step (t) (33%). Upstream echelons contribute 19%."
508,3,-0.008835762739181519,0.18901975452899933,0.12842963635921478,0.3104649484157562,0.0,0.10005161166191101,True,0.0015598281,"Forecast Retailer risk = 0.31 (window-average baseline 0.00). Most influential input: Retailer RI (50% of attribution), which raises the forecast. Most influential time step: the most recent step (t) (32%). Upstream echelons contribute 19%."
507,3,-0.006217479705810547,0.19029730930924416,0.13131094351410866,0.3077470660209656,0.0,0.09941040724515915,True,0.0007916446,"Forecast Retailer risk = 0.31 (window-average baseline 0.00). Most influential input: Retailer RI (50% of attribution), which raises the forecast. Most influential time step: the most recent step (t) (33%). Upstream echelons contribute 19%."
506,3,-0.003955215215682983,0.19139090739190578,0.13441604375839233,0.3046277165412903,0.1864071786403656,0.099102683365345,True,0.0006657931,"Forecast Retailer risk = 0.31 (window-average baseline 0.00). Most influential input: Retailer RI (50% of attribution), which raises the forecast. Most influential time step: the most recent step (t) (33%). Upstream echelons contribute 19%."
505,3,-0.001194596290588379,0.19212875328958035,0.13824542611837387,0.30193206667900085,0.0,0.09879200905561447,True,0.0005984928,"Forecast Retailer risk = 0.30 (window-average baseline 0.00). Most influential input: Retailer RI (50% of attribution), which raises the forecast. Most influential time step: the most recent step (t) (33%). Upstream echelons contribute 19%."
