epoch,train_loss,val_loss,lr,time_sec
1,0.0013848259837549014,0.0011210810211808814,0.001,11.4618
2,0.0011638897585593301,0.0010732172476292448,0.001,10.1758
3,0.0011178375175881572,0.0010387314764823314,0.001,10.2209
4,0.001091814476362398,0.001018934019112104,0.001,10.2242
5,0.0010713813904500637,0.0010238591731662281,0.001,10.2038
6,0.0010612543676396568,0.0010114531949619704,0.001,10.1958
7,0.0010514148465640557,0.001010464855460935,0.001,10.2291
8,0.0010381736392065322,0.0009969731016420227,0.001,10.24
9,0.0010329264446782363,0.0009930889936632236,0.001,10.2301
10,0.001026532964134318,0.000978394340917022,0.001,10.3374
11,0.0010218941438511627,0.0009702658616654806,0.001,10.3474
12,0.0010150558878237953,0.0009852912503774873,0.001,10.4112
13,0.0010121407881503908,0.0009876412784732658,0.001,10.396
14,0.0010088127427837507,0.0009747461785987606,0.001,10.2412
15,0.0010021366947278415,0.0009746071263627071,0.001,10.3026
16,0.0009966968764610774,0.0009703293406227172,0.001,10.3111
17,0.0009936120558768178,0.0009701829904535611,0.001,10.3157
18,0.0009884565648634722,0.0009648717121318567,0.001,10.3339
19,0.0009867952727526511,0.0009859489620382775,0.001,10.2782
20,0.000981647739510797,0.0009518511954570716,0.001,10.245
21,0.000977216784302243,0.0009602449667372121,0.001,10.3303
22,0.0009747729906601509,0.0009546913116986009,0.001,10.4291
23,0.0009692617181707356,0.0009603755992361715,0.001,10.3678
24,0.0009673319973987516,0.0009476393457681116,0.001,10.3803
25,0.0009636490909071614,0.0009595557108832123,0.001,10.4274
26,0.0009592204304398933,0.0009641310524909167,0.001,10.4026
27,0.0009555365491368063,0.0009628098806063363,0.001,10.3637
28,0.0009508481373885279,0.000961989465427584,0.001,10.3558
29,0.0009493497123397459,0.0009419704717693087,0.001,10.4427
30,0.0009470253233975082,0.0009435516074043562,0.001,10.5152
31,0.000946678050964393,0.0009300608075137999,0.001,10.4164
32,0.0009421760200732418,0.0009445111186791535,0.001,10.3692
33,0.0009356101680082431,0.0009586398213785103,0.001,10.4025
34,0.0009377398622032726,0.000970588236859689,0.001,10.4138
35,0.0009344085346014653,0.0009480339079311559,0.001,10.4253
36,0.0009286241773280799,0.0009647511204098558,0.001,10.4247
37,0.0009296309895587403,0.0009654417607981624,0.001,10.3951
38,0.0009251092503362037,0.0009680483639727012,0.001,10.3846
39,0.0009217869709055147,0.0009562763731992336,0.001,10.4034
40,0.0009258269470792288,0.0009499241324776047,0.001,10.4721
41,0.0009180463826824752,0.0009509885748300603,0.001,10.3674
