model,node,MSE_mean,MAE_mean,RMSE_mean,R2_mean,MSE_raw_mean,RMSE_raw_mean,MAE_raw_mean,skill_score_mean,pct_improvement_pers_mean,R2_delta_mean,MSE_std,MAE_std,RMSE_std,R2_std,MSE_raw_std,RMSE_raw_std,MAE_raw_std,skill_score_std,pct_improvement_pers_std,R2_delta_std
ar10_ridge,Distributor,0.001031586667522788,0.01427269447594881,0.03211832292512777,0.6677381992340088,0.02733794871905183,0.16534191458626524,0.07347440389273688,0.06059567138337374,6.059567138337374,0.06055086851119995,,,,,,,,,,
ar10_ridge,Manufacturer,0.006607141345739365,0.024551989510655403,0.08128432410827666,0.9662544131278992,0.05705899311365481,0.2388702432569926,0.07215093157496302,0.16565850675353844,16.565850675353843,0.1639811396598816,,,,,,,,,,
ar10_ridge,Retailer,0.0027472025249153376,0.018816396594047546,0.05241376274334192,0.8781693577766418,0.00737536585579539,0.08587995025496574,0.030830665819346906,0.04796859295134259,4.79685929513426,0.04777342081069946,,,,,,,,,,
ar10_ridge,Supplier,0.0024847437161952257,0.01132653746753931,0.049847203694843564,0.7832792401313782,0.00019313773760337374,0.013897400390122383,0.003157838645949959,0.0120627313128987,1.20627313128987,0.012056589126586914,,,,,,,,,,
lstm,Distributor,0.000560452276840806,0.008005758840590715,0.023622023644202676,0.8194849848747253,0.014852475401356752,0.12160381551799096,0.041212845935476944,0.4896296051289684,48.96296051289684,0.4896052241325378,8.666037768528897e-05,0.0005099564524216611,0.00175081259474551,0.02791226467277389,0.002296575785361009,0.009013008156490416,0.0026252048214214668,0.07891642697613069,7.891642697613071,0.07892017509649163
lstm,Manufacturer,0.006315971724689007,0.020125136896967887,0.07943680110663297,0.9677415728569031,0.054544464585650584,0.2334409274120623,0.05914173979911953,0.20242704002728465,20.242704002728466,0.2008236527442932,0.00043422909631223727,0.002106793417966314,0.0026847613102102116,0.0022178149043613955,0.003749984103519416,0.00788970806231474,0.0061912338173776066,0.05483390375201232,5.483390375201232,0.05494414610197049
lstm,Retailer,0.002623741189017892,0.01653623040765524,0.05110918916731351,0.8836444973945617,0.00704391139875023,0.0837424064506432,0.027094613522943112,0.09075359633735051,9.07535963373505,0.09056719541549682,0.00039179448810317577,0.0012425301109044188,0.003806568611895618,0.017374985912412055,0.0010518437078584322,0.006237062670590965,0.002035885586716891,0.13577472152122086,13.577472152122086,0.13580254439389858
lstm,Supplier,0.0020469018490985036,0.008964591193944216,0.04520345907196292,0.8214680790901184,0.00015910453446539113,0.01260272438926326,0.002499328024871647,0.18614921575675764,18.614921575675762,0.18614416122436522,0.00018732228317902108,0.0013382214984615742,0.002106281387860145,0.01633836197762588,1.4560456171026711e-05,0.0005872312509354083,0.00037309615377108675,0.07447957855850497,7.447957855850496,0.0744800240884726
persistence,Distributor,0.0010981285013258457,0.008839157409965992,0.03313802198873442,0.6463059186935425,0.029101365499677755,0.1705912233958059,0.04550309843076393,0.0,0.0,-4.76837158203125e-05,,,,,,,,,,
persistence,Manufacturer,0.007918989285826683,0.017535528168082237,0.08898870313599745,0.9595542550086975,0.06838805641996255,0.2615111019057557,0.05153165662754327,0.0,0.0,-0.0020102262496948242,,,,,,,,,,
persistence,Retailer,0.002885621739551425,0.013305515050888062,0.053717983390587414,0.8720308542251587,0.007746977464387834,0.08801691578547748,0.02180108641088009,0.0,0.0,-0.00020503997802734375,,,,,,,,,,
persistence,Supplier,0.0025150824803858995,0.007276338525116444,0.05015059800626409,0.7806330919265747,0.00019549595275420687,0.013981986724146425,0.002028643180802464,0.0,0.0,-6.318092346191406e-06,,,,,,,,,,
st_gcn_lstm_dir,Distributor,0.00065630316385068,0.008965178858488798,0.025380918304816445,0.7886125683784485,0.01739260772009252,0.13065842934136457,0.046151844245614485,0.4023439305524989,40.23439305524989,0.4023153781890869,0.00019260586172824135,0.001909185975850424,0.0038910393622580857,0.062036052987328935,0.005104223752289948,0.020030681532968397,0.009828298485080399,0.1753946477991375,17.539464779913747,0.17540301078379636
st_gcn_lstm_dir,Manufacturer,0.006030027009546757,0.020118605718016623,0.07764548633996471,0.9692020177841186,0.05207505812400302,0.22817679070725427,0.05912254662353546,0.23853577875913654,23.853577875913654,0.23700499534606934,0.0001904283152272692,0.0026475861037378906,0.0012275282975918865,0.0009725874217918965,0.0016445308732806784,0.0036073374081332854,0.007780461283054541,0.02404704796963115,2.4047047969631143,0.02409537324906362
st_gcn_lstm_dir,Retailer,0.002751111565157771,0.016034635342657567,0.05194177483555593,0.8779959917068482,0.007385860386748787,0.0851065980680584,0.026272750008944423,0.04661393160094633,4.661393160094634,0.04641852378845215,0.0008285613731555487,0.0019041894965477106,0.008151962347356883,0.03674434347099703,0.002224424011546328,0.013356990306144251,0.0031200144900934246,0.28713443685254114,28.713443685254113,0.2871932841768357
st_gcn_lstm_dir,Supplier,0.0019666966749355198,0.007571932952851057,0.044305721395728095,0.8284635901451111,0.00015287023119259991,0.01235243512512899,0.0021110549072548743,0.2180388952358488,21.80388952358488,0.218034029006958,0.00019540647575612424,0.0008512053033666149,0.002150501842489699,0.01704346238408627,1.5188835932897106e-05,0.0005995599136861281,0.00023731603857861229,0.07769386383151229,7.769386383151228,0.07769436157639918
st_gcn_lstm_sym,Distributor,0.0009359312942251563,0.008701716363430024,0.030561307344711484,0.6985476851463318,0.024802997684649625,0.15732655407984025,0.04479556566730142,0.14770330330635953,14.770330330635952,0.14766261577606202,9.589326392725977e-05,0.0003981269584863862,0.0015563529513096047,0.030886094004450002,0.0025412553441012944,0.008011949358046722,0.002049517769592066,0.0873242647026111,8.732426470261112,0.08732844885544755
st_gcn_lstm_sym,Manufacturer,0.006705302838236093,0.01977982074022293,0.08187598473575994,0.9657530903816223,0.057906711609643814,0.24060895634297777,0.05812695920929313,0.15326279702926632,15.326279702926632,0.15156060457229614,0.0002334451381392057,0.0008517126217964906,0.0014256409899135551,0.001192301631623383,0.002016022335906384,0.004189531177058963,0.0025029278816733457,0.02947915822503046,2.947915822503047,0.0295384727631074
st_gcn_lstm_sym,Retailer,0.0026633342262357474,0.01429335530847311,0.051602298854667696,0.8818886756896973,0.007150206122992596,0.08455036667337301,0.023419662672933193,0.07703279687317324,7.703279687317324,0.07684359550476075,8.458064005419539e-05,0.0006469766461565259,0.0008192825743515624,0.003750915623003795,0.0002270721430471373,0.0013423944980750302,0.001060071234727467,0.02931106281010469,2.9311062810104693,0.029317063665870075
st_gcn_lstm_sym,Supplier,0.0021326738875359296,0.00790013261139393,0.046131732460128486,0.8139869809150696,0.00016577154698079073,0.012861527009883819,0.0022025569720566266,0.1520461439464583,15.20461439464583,0.1520408272743225,0.00021839254444162045,0.0002906368176852222,0.002381477420388748,0.01904832361400962,1.697553017962227e-05,0.0006639559048043825,8.10295447706399e-05,0.08683315403958902,8.6833154039589,0.08683370782711596
