model,seed,best_val_loss,wall_clock_s
lstm,42,0.0013873028897704,15.7
lstm,43,0.0013532658002257,10.89
lstm,44,0.001285710729966,8.16
lstm,45,0.0012126884954106,10.57
lstm,46,0.0013367560065405,5.92
paper_overall,42,0.0003512916092882,6.58
paper_overall,44,0.000345208815615,8.28
paper_overall,45,0.0003327843435072,9.99
paper_overall,46,0.0003193654367689,10.24
st_gcn_lstm_sym,42,0.0016302997359838,10.73
st_gcn_lstm_sym,43,0.0014733194099072,12.92
st_gcn_lstm_sym,44,0.0016181072675549,10.78
st_gcn_lstm_sym,45,0.0013597610640266,13.09
st_gcn_lstm_sym,46,0.0013639366089406,11.55
st_gcn_lstm_dir,42,0.0012703020237268,8.6
st_gcn_lstm_dir,43,0.0012686185480756,6.41
st_gcn_lstm_dir,44,0.0012485054860178,7.13
st_gcn_lstm_dir,45,0.0012483831195306,14.71
st_gcn_lstm_dir,46,0.0011562411164377,14.96
paper_overall,43,0.0003458691734456,8.12
