Timestamp,RI_Supplier1,RI_Manufacturer1,RI_Distributor1,RI_Retailer1,Total_Cost
2018-11-25T23:15:38.000000,1.682,1.5101,1.005,2.0927,0.16
2018-11-25T23:17:38.000000,1.6821,1.5064,1.0,2.0911,0.34
2018-11-25T23:19:38.000000,1.6824,1.5101,1.0012,2.087,0.4
2018-11-25T23:21:38.000000,1.6823,1.5119,1.0025,2.0833,0.28
2018-11-25T23:23:38.000000,1.6823,1.5137,1.0037,2.0791,0.14
2018-11-25T23:25:38.000000,1.6983,1.5083,1.005,2.0762,0.5
2018-11-25T23:27:38.000000,1.5004,1.5028,2.9677,2.0745,1.06
2018-11-25T23:29:38.000000,1.7459,1.5173,2.8936,1.872,11.02
2018-11-25T23:31:38.000000,1.7464,1.5064,2.8887,1.7325,28.54
2018-11-25T23:33:38.000000,1.7456,1.4916,2.9088,1.7425,31.32
