Timestamp,RI_Supplier1,RI_Manufacturer1,RI_Distributor1,RI_Retailer1
2018-09-29T15:45:39.000000,1.6935,3.8589,2.4421,2.4671
2018-09-29T15:47:39.000000,1.6936,3.8591,2.4432,2.4691
2018-09-29T15:49:39.000000,1.6938,3.8589,2.438,2.4678
2018-09-29T15:51:39.000000,1.6918,3.8602,2.4615,2.4683
2018-09-29T15:53:39.000000,1.692,3.8567,2.451,2.4691
2018-09-29T15:55:39.000000,1.6922,3.8719,2.4292,2.4693
2018-09-29T15:57:39.000000,1.6924,3.8758,2.4471,2.4683
2018-09-29T15:59:39.000000,1.6925,3.8728,2.4576,2.4676
2018-09-29T16:01:39.000000,1.6926,3.8764,2.4313,2.4668
2018-09-29T16:03:39.000000,1.6927,3.892,2.4318,2.4673
